evidence_dir,evidence_kind,evidence_level,run_name,model,profile,task_total,job_count,task_result_count,complete,failed_jobs,api_key_recorded,raw_jsonl_included,raw_logs_included,used_for_main_paper_tables,alignment_within_tolerance,alignment_max_abs_delta,promotion_reason,interpretation
artifacts/evidence/api_rerun_gpt4omini_20260506,independent_api_rerun_summary,frozen_actual_api_run_records,final78_vveai_20260506_032918,gpt-4o-mini,main_plus_ablations,78,33,2574,True,0,False,True,False,False,,,,Complete 78-task OpenAI-compatible API rerun used as secondary pipeline evidence. It is not the source for the manuscript leaderboard because it uses a different backbone/provider setting than the frozen manuscript records.
artifacts/evidence/frozen_v1,frozen_manuscript_summary_records,,frozen_v1,,,78,,,,,,,False,,,,,"Summary-level frozen manuscript records, not raw API execution logs.; No API credentials or local server paths are included.; Use scripts/reproduce_paper_tables.py for no-API paper-table checks."
artifacts/evidence/paper_main_raw_backbone_vapi_gpt41_sleep_20260507,independent_api_rerun_summary,independent_api_rerun_summary,backbone_vapi_gpt41_sleep_20260507,gpt-4.1,backbone,78,6,468,True,0,False,True,False,False,False,11.147863,main-paper-table promotion was not requested,Sanitized API rerun evidence included for pipeline audit; not used as the manuscript leaderboard source.
artifacts/evidence/paper_main_raw_backbone_vapi_gpt4o_20260507,independent_api_rerun_summary,independent_api_rerun_summary,backbone_vapi_gpt4o_20260507,gpt-4o,backbone,78,6,468,True,0,False,True,False,False,False,4.664103,main-paper-table promotion was not requested,Sanitized API rerun evidence included for pipeline audit; not used as the manuscript leaderboard source.
artifacts/evidence/paper_main_raw_backbone_vapi_o3mini_20260507,independent_api_rerun_summary,independent_api_rerun_summary,backbone_vapi_o3mini_20260507,o3-mini,backbone,78,6,468,True,0,False,True,False,False,False,32.126496,main-paper-table promotion was not requested,Sanitized API rerun evidence included for pipeline audit; not used as the manuscript leaderboard source.
artifacts/evidence/paper_main_raw_backbone_vapi_o4mini_sleep_20260507,independent_api_rerun_summary,independent_api_rerun_summary,backbone_vapi_o4mini_sleep_20260507,o4-mini,backbone,78,6,468,True,0,False,True,False,False,False,86.4,main-paper-table promotion was not requested,Sanitized API rerun evidence included for pipeline audit; not used as the manuscript leaderboard source.
artifacts/evidence/paper_main_raw_paper_main_vapi_gpt41mini_sleep_20260507,independent_api_rerun_summary,independent_api_rerun_summary,paper_main_vapi_gpt41mini_sleep_20260507,gpt-4.1-mini,main,78,24,1872,True,0,False,True,False,False,False,35.284615,alignment gate failed; promoted as independent rerun evidence so stochastic/provider drift does not replace the frozen manuscript records,Sanitized API rerun evidence included for pipeline audit; not used as the manuscript leaderboard source.
artifacts/evidence/paper_main_raw_paper_main_vapi_gpt4o_sleep_20260507,independent_api_rerun_summary,independent_api_rerun_summary,paper_main_vapi_gpt4o_sleep_20260507,gpt-4o,main,78,24,1872,True,0,False,True,False,False,False,30.497436,alignment gate failed; promoted as independent rerun evidence so stochastic/provider drift does not replace the frozen manuscript records,Sanitized API rerun evidence included for pipeline audit; not used as the manuscript leaderboard source.
artifacts/evidence/paper_main_raw_paper_main_vapi_o3mini_sleep_20260507,independent_api_rerun_summary,independent_api_rerun_summary,paper_main_vapi_o3mini_sleep_20260507,o3-mini,main,78,24,1872,True,0,False,True,False,False,False,86.4,alignment gate failed; promoted as independent rerun evidence so stochastic/provider drift does not replace the frozen manuscript records,Sanitized API rerun evidence included for pipeline audit; not used as the manuscript leaderboard source.
